applied-mathematics,MATH 120
applied-mathematics,ENAS 151
applied-mathematics,MATH 222
applied-mathematics,MATH 225
applied-mathematics,MATH 226
applied-mathematics,ENAS 130
applied-mathematics,CPSC 100
applied-mathematics,CPSC 112
applied-physics,PHYS 180
applied-physics,PHYS 181
applied-physics,PHYS 200
applied-physics,PHYS 201
applied-physics,PHYS 166L
applied-physics,PHYS 206L
applied-physics,APHY 151
applied-physics,MATH 120
applied-physics,PHYS 301
applied-physics,APHY 194
applied-physics,MATH 222
applied-physics,MATH 225
applied-physics,MATH 226
architecture,ARCH 150
architecture,ARCH 200
architecture,ARCH 280
art,ART 111
art,ART  114
biomedical-engineering,BIOL 101
biomedical-engineering,BIOL 102
biomedical-engineering,ENAS 194
biomedical-engineering,MATH 115
biomedical-engineering,MATH 120
biomedical-engineering,ENAS 151
biomedical-engineering,MATH 120
biomedical-engineering,ENAS 151
biomedical-engineering,PHYS 180
biomedical-engineering,PHYS 181
biomedical-engineering,PHYS 205L
biomedical-engineering,PHYS 206L
biomedical-engineering,PHYS 165L
biomedical-engineering,PHYS 166L
chemistry,PHYS 165
chemistry,CHEM 163
chemistry,CHEM 167
chemistry,CHEM 134L
chemistry,CHEM 136L
chemistry,MATH 115
chemistry,MATH 120
chemistry,ENAS 151
chemistry,PHYS 170
chemistry,PHYS 180
chemistry,PHYS 200
chemistry,PHYS 260
cognitive-science,CGSC 110
computer-science-psychology,PSYC 110
computing-arts,CPSC 100
computing-arts,CPSC 112
computing-arts,ART 111
computing-arts,ART  114
geology-geophysics,MATH 115
geology-geophysics,BIOL 101
geology-geophysics,BIOL 102
geology-geophysics,MCDB 120
geology-geophysics,EPS 255
geology-geophysics,CHEM 165
geology-geophysics,CHEM 167
geology-geophysics,MATH 120
geology-geophysics,ENAS 151
geology-geophysics,ENAS 130
geology-geophysics,ENAS 194
geology-geophysics,PHYS 180
geology-geophysics,PHYS 181
geology-geophysics,PHYS 205L
geology-geophysics,PHYS 206L
geology-geophysics,PHYS 170
geology-geophysics,PHYS 171
geology-geophysics,PHYS 180
geology-geophysics,PHYS 181
geology-geophysics,PHYS 200
geology-geophysics,PHYS 201
geology-geophysics,BIOL 101
geology-geophysics,BIOL 102
geology-geophysics,MCDB 120
geology-geophysics,BIOL 103
geology-geophysics,BIOL 104
geology-geophysics,E&EB 122
geology-geophysics,EPS 125
geology-geophysics,EPS 126L
geology-geophysics,MCDB 120
geology-geophysics,E&EB 122
geology-geophysics,PHYS 170
geology-geophysics,PHYS 171
geology-geophysics,PHYS 180
geology-geophysics,PHYS 181
geology-geophysics,PHYS 200
geology-geophysics,PHYS 201
east-asian-languages-literatures,CHNS 140
east-asian-languages-literatures,JAPN 140
ecology-evolutionary-biology,BIOL 101
ecology-evolutionary-biology,BIOL 102
ecology-evolutionary-biology,BIOL 103
ecology-evolutionary-biology,BIOL 104
ecology-evolutionary-biology,BIOL 165
ecology-evolutionary-biology,CHEM 163
ecology-evolutionary-biology,CHEM 167
ecology-evolutionary-biology,CHEM 134L
ecology-evolutionary-biology,CHEM 136L
ecology-evolutionary-biology,CHEM 174
ecology-evolutionary-biology,CHEM 175
ecology-evolutionary-biology,CHEM 220
ecology-evolutionary-biology,CHEM 221
ecology-evolutionary-biology,CHEM 222L
ecology-evolutionary-biology,CHEM 223L
ecology-evolutionary-biology,CHEM 174
ecology-evolutionary-biology,CHEM 175
ecology-evolutionary-biology,CHEM 222L
ecology-evolutionary-biology,CHEM 223L
ecology-evolutionary-biology,PHYS 170
ecology-evolutionary-biology,PHYS 171
ecology-evolutionary-biology,MATH 115
ecology-evolutionary-biology,MATH 116
ecology-evolutionary-biology,S&DS 100
ecology-evolutionary-biology,S&DS 230
economics-mathematics,MATH 120
economics-mathematics,ECON 110
economics-mathematics,ECON 115
economics-mathematics,ECON 111
economics-mathematics,ECON 116
electrical-engineering,MATH 112
electrical-engineering,MATH 115
electrical-engineering,ENAS 151
electrical-engineering,MATH 120
electrical-engineering,ENAS 130
electrical-engineering,PHYS 180
electrical-engineering,PHYS 181
electrical-engineering-computer-science,MATH 112
electrical-engineering-computer-science,MATH 115
electrical-engineering-computer-science,ENAS 151
electrical-engineering-computer-science,MATH 120
electrical-engineering-computer-science,CPSC 112
electrical-engineering-computer-science,PHYS 180
electrical-engineering-computer-science,PHYS 181
electrical-engineering-computer-science,PHYS 200
electrical-engineering-computer-science,PHYS 201
electrical-engineering,MATH 112
electrical-engineering,MATH 115
electrical-engineering,ENAS 151
electrical-engineering,MATH 120
electrical-engineering,ENAS 130
electrical-engineering,PHYS 180
electrical-engineering,PHYS 181
environmental-studies,MATH 112
environmental-studies,MATH 190
environmental-studies,PHYS 170
environmental-studies,S&DS 101
environmental-studies,CHEM 170
environmental-studies,CHEM 167
environmental-studies,BIOL 101
environmental-studies,BIOL 102
environmental-studies,BIOL 103
environmental-studies,BIOL 104
environmental-studies,EPS 125
film-studies,FILM 150
french,FREN 150
italian,NONE
judaic-studies,NONE
mathematics-philosophy,MATH 120
mathematics-physics,MATH 120
mathematics-physics,PHYS 180
mathematics-physics,PHYS 181
mathematics-physics,PHYS 200
mathematics-physics,PHYS 201
mathematics-physics,PHYS 260
mathematics-physics,PHYS 261
mathematics-physics,PHYS 205L
mathematics-physics,PHYS 206L
molecular-biophysics-biochemistry,BIOL 101
molecular-biophysics-biochemistry,BIOL 102
molecular-biophysics-biochemistry,BIOL 103
molecular-biophysics-biochemistry,BIOL 104
molecular-biophysics-biochemistry,MATH 112
molecular-biophysics-biochemistry,MATH 116
near-eastern-languages-civilizations,NONE
neuroscience,BIOL 101
neuroscience,BIOL 102
neuroscience,BIOL 103
neuroscience,BIOL 104
neuroscience,PSYC 200
neuroscience,S&DS 103
neuroscience,S&DS 105
neuroscience,S&DS 230
neuroscience,S&DS 238
physics-geosciences,MATH 120
physics-geosciences,PHYS 170
physics-geosciences,PHYS 171
physics-geosciences,PHYS 205L
physics-geosciences,PHYS 206L
physics-geosciences,ENAS 194
physics-geosciences,MATH 246
physics-geosciences,PHYS 301
physics-philosophy,MATH 120
physics-philosophy,PHYS 170
physics-philosophy,PHYS 171
physics-philosophy,PHYS 180
physics-philosophy,PHYS 181
physics-philosophy,PHYS 200
physics-philosophy,PHYS 201
physics-philosophy,PHYS 260
physics-philosophy,PHYS 261
physics-philosophy,PHYS 165L
physics-philosophy,PHYS 166L
physics-philosophy,PHYS 205L
physics-philosophy,PHYS 206L
portuguese,PORT 130
slavic-languages-literatures,RUSS 140
slavic-languages-literatures,RUSS 142
slavic-languages-literatures,RUSS 145
slavic-languages-literatures,S140
russian-east-european-studies,RUSS 140
russian-east-european-studies,RUSS 142
russian-east-european-studies,RUSS 145
russian-east-european-studies,S140
spanish,SPAN 140
spanish,SPAN 142
spanish,SPAN 145
statistics,MATH 120
statistics,ENAS 151
statistics,MATH 230
statistics,MATH 302
theater-studies,THST 110
theater-studies,THST 111
urban-studies,NONE
